{"cameraMode":{"drawMode":0,"name":"Shaded","section":"Shading Mode"},"sceneLighting":true,"audioPlay":false,"sceneViewState":{"m_AlwaysRefresh":false,"showFog":true,"showSkybox":true,"showFlares":true,"showImageEffects":true,"showParticleSystems":true,"showVisualEffectGraphs":true,"m_FxEnabled":true},"in2DMode":false,"pivot":{"x":-15.736591339111329,"y":-13.263019561767579,"z":56.152862548828128},"rotation":{"x":0.09831207245588303,"y":-0.10281165689229965,"z":0.010211377404630185,"w":0.9897987246513367},"size":46.77450180053711,"orthographic":false}